<?xml version="1.0" encoding="utf-8" standalone="yes"?>
<?xml-stylesheet type="text/xsl" href="modx.prosilver.en.xsl"?>
<!--For security purposes, please check: http://www.phpbb.com/mods/ for the latest version of this MOD. Although MODs are checked before being allowed in the MODs Database there is no guarantee that there are no security problems within the MOD. No support will be given for MODs not found within the MODs Database which can be found at http://www.phpbb.com/mods/-->
<mod xmlns:xsi="http://www.w3.org/2001/XMLSchema-instance" xmlns="https://www.phpbb.com/mods/xml/modx-1.2.6.xsd">
	<header>
		<license>http://opensource.org/licenses/gpl-license.php GNU General Public License v2</license>

		<title lang="de"><![CDATA[NV newspage]]></title>
		<title lang="en"><![CDATA[NV newspage]]></title>

		<description lang="de"><![CDATA[Fügt eine neue Seite zum Board hinzu, auf der eine einstellbare Anzahl von News angezeigt werden.
Der Text kann auf eine bestimmte Anzahl von Buchstaben gekürzt werden.
Die Buttons (ändern, zitieren,... und Benutzerbuttons) können ausgeschalten werden.]]></description>
		<description lang="en"><![CDATA[Adds an extra page to the board where a switchable number of news can be displayed.
The news texts can be shorten to a given number of characters.
Also the icons can be switched on/off (post icons, user icons).]]></description>

		<author-notes lang="de"><![CDATA[Diese MOD benötigt php5.]]></author-notes>
		<author-notes lang="en"><![CDATA[This MOD required php5.]]></author-notes>
		
		<github><![CDATA[https://github.com/nickvergessen/phpbb3-mod-newspage]]></github>

		<author-group>
			<author>
				<realname><![CDATA[Joas Schilling]]></realname>
				<email><![CDATA[nickvergessen@gmx.de]]></email>
				<username><![CDATA[nickvergessen]]></username>
				<homepage><![CDATA[http://www.flying-bits.org/]]></homepage>
				<contributions />
			</author>

			<author>
				<realname><![CDATA[Falk Seidel]]></realname>
				<email><![CDATA[admin@un1matr1x.de]]></email>
				<username><![CDATA[Unimatrix_0]]></username>
				<homepage><![CDATA[http://un1matr1x.de/]]></homepage>
				<contributions-group>
					<contributions status="current" from="2011-01-22" position="Co-Developer" />
				</contributions-group>
			</author>
		</author-group>

		<mod-version>1.0.6</mod-version>

		<installation>
			<level>easy</level>
			<time>300</time>
			<target-version>3.0.10</target-version>
		</installation>
	</header>

	<action-group>
		<copy>
			<file from="root/newspage.php" to="newspage.php" />
			<file from="root/adm/mods/nv_newspage_version.php" to="adm/mods/nv_newspage_version.php" />
			<file from="root/install/*.*" to="install/*.*" />
			<file from="root/umil/*.*" to="umil/*.*" />
		</copy>

		<php-installer><![CDATA[install/index.php]]></php-installer>

		<diy-instructions lang="de"><![CDATA[Leere den Cache im "Administrations-Bereich" (ACP) > "Allgemein" > "Den Cache leeren"

Aktualisiere deine Styles:
		"Administrations-Bereich" (ACP) > "Styles" > "Templates" > jedes > "Aktualisieren"
		"Administrations-Bereich" (ACP) > "Styles" > "Themes" > jedes > "Aktualisieren"

Wenn du die MOD übersetzen möchtest, forke die MOD auf github.com, füge deine Sprachdateien hinzu und sende einen Pull-Request.]]></diy-instructions>
		<diy-instructions lang="en"><![CDATA[Clear your cache in the "Administration Control Panel" (ACP) > "General" > "Purge the cache"

Refresh your Styles:
		"Administration Control Panel" (ACP) > "Styles" > "Templates" > each > "refresh"
		"Administration Control Panel" (ACP) > "Styles" > "Themes" > each > "refresh"

If you want to translate this MOD, fork it on github.com, add your language to the repository and send a pull-request.]]></diy-instructions>
	</action-group>
</mod>